SGS Prices and Yields - Benchmark Issues (2005 to 2007),,,,
,,,,
Sep 2015 to Sep 2026 (Daily),,,,
,,,,
,,,Average Buying Rates of Govt Securities Dealers 2-Year Bond Yield,Average Buying Rates of Govt Securities Dealers 10-Year Bond Yield
2015,Sep,1,1.08,2.83
,,2,1.07,2.79
,,3,1.08,2.81
,,4,1.03,2.77
,,7,1.1,2.86
,,8,1.11,2.88
,,9,1.07,2.84
,,10,1.14,2.88
,,14,1.15,2.87
,,15,1.17,2.86
,,16,1.21,2.85
,,17,1.2,2.82
,,18,1.16,2.72
,,21,1.23,2.75
,,22,1.27,2.72
,,23,1.28,2.68
,,25,1.35,2.7
,,28,1.41,2.65
,,29,1.38,2.61
,,30,1.35,2.54
,Oct,1,1.34,2.54
,,2,1.3,2.42
,,5,1.24,2.34
,,6,1.22,2.39
,,7,1.18,2.5
,,8,1.17,2.52
,,9,1.14,2.51
,,12,1.11,2.48
,,13,1.07,2.49
,,14,1.07,2.47
,,15,0.99,2.35
,,16,1.03,2.37
,,19,1.07,2.39
,,20,1.1,2.4
,,21,1.14,2.47
,,22,1.16,2.47
,,23,1.12,2.4
,,26,1.13,2.41
,,27,1.11,2.38
,,28,1.14,2.35
,,29,1.2,2.38
,,30,1.25,2.46
,Nov,2,1.27,2.53
,,3,1.22,2.53
,,4,1.21,2.54
,,5,1.24,2.6
,,6,1.25,2.62
,,9,1.32,2.71
,,11,1.3,2.66
,,12,1.28,2.64
,,13,1.32,2.62
,,16,1.3,2.6
,,17,1.32,2.61
,,18,1.33,2.62
,,19,1.27,2.54
,,20,1.26,2.54
,,23,1.29,2.6
,,24,1.24,2.55
,,25,1.2,2.51
,,26,1.17,2.47
,,27,1.18,2.47
,,30,1.21,2.51
,Dec,1,1.18,2.5
,,2,1.16,2.48
,,3,1.16,2.5
,,4,1.15,2.55
,,7,1.14,2.53
,,8,1.1,2.5
,,9,1.07,2.46
,,10,1.04,2.44
,,11,1.02,2.47
,,14,1.08,2.54
,,15,1.04,2.57
,,16,1.04,2.59
,,17,1.01,2.5
,,18,1.02,2.46
,,21,1.02,2.48
,,22,1.02,2.46
,,23,1.01,2.48
,,24,0.98,2.44
,,28,0.92,2.41
,,29,1,2.45
,,30,1.07,2.57
,,31,1.07,2.6
,,,,
"* Data reflects bid rates quoted by SGS Primary Dealers to each other based on standard market lot transactions as specified in the Rules and Market Practices of the SGS Market. Prices quoted to non-Primary Dealers may be different, subject to factors such as transaction size and administrative costs.",,,,
* Figures before 2000 are the modes of closing bid prices quoted by SGS primary dealers.,,,,
* Figures after 2000 are the average of closing bid rates quoted by SGS primary dealers.,,,,
* Overnight repo rates are closing offer rates quoted by SGS primary dealers.,,,,
* The 7-year benchmark was discontinued on 1 February 2011.,,,,
* The final 3-month T-bill was issued on 20th June 2013.,,,,
* Issuance of 6-month T-bills ceased on 27th December 2013 and resumed on 2nd July 2019.,,,,
* The SGS Overnight Repo rate was discontinued on 1 January 2014.,,,,
* Yield is quoted as % p.a.,,,,
"* Bond price is quoted in S$ per S$100 of principal amount, excluding any applicable accrued interest (i.e. on clean basis).",,,,
,,,,
,,,Average Buying Rates of Govt Securities Dealers 2-Year Bond Yield,Average Buying Rates of Govt Securities Dealers 10-Year Bond Yield
2016,Jan,4,1.05,2.57
,,5,1.05,2.55
,,6,1.09,2.53
,,7,1.09,2.43
,,8,1.12,2.51
,,11,1.14,2.54
,,12,1.17,2.58
,,13,1.16,2.53
,,14,1.14,2.48
,,15,1.11,2.42
,,18,1.14,2.45
,,19,1.12,2.42
,,20,1.14,2.38
,,21,1.12,2.34
,,22,1.12,2.36
,,25,1.13,2.39
,,26,1.12,2.35
,,27,1.13,2.37
,,28,1.17,2.37
,,29,1.1,2.26
,Feb,1,1.06,2.22
,,2,1.05,2.23
,,3,1.07,2.18
,,4,1.08,2.19
,,5,1.04,2.16
,,10,1,2.07
,,11,0.97,1.98
,,12,1,2.07
,,15,1.05,2.2
,,16,1.06,2.24
,,17,1.06,2.23
,,18,1.05,2.18
,,19,1.04,2.14
,,22,1.05,2.17
,,23,1.06,2.19
,,24,1.05,2.19
,,25,1.06,2.27
,,26,1.05,2.29
,,29,1.04,2.28
,Mar,1,1.03,2.23
,,2,1.05,2.26
,,3,1.04,2.23
,,4,1.01,2.18
,,7,1.01,2.15
,,8,1.03,2.11
,,9,1.01,2.08
,,10,1.01,2.09
,,11,1.01,2.12
,,14,1.04,2.21
,,15,1.02,2.24
,,16,1.01,2.2
,,17,0.92,2.03
,,18,0.93,2.03
,,21,0.94,2.07
,,22,0.93,2.06
,,23,0.92,2.06
,,24,0.9,1.98
,,28,0.91,2
,,29,0.97,1.96
,,30,0.85,1.85
,,31,0.81,1.84
,Apr,1,0.83,1.85
,,4,0.83,1.85
,,5,0.86,1.85
,,6,0.89,1.88
,,7,0.89,1.9
,,8,0.89,1.89
,,11,0.87,1.88
,,12,0.88,1.89
,,13,0.93,1.93
,,14,1.04,2.01
,,15,1.02,1.99
,,18,0.99,1.92
,,19,0.94,1.91
,,20,0.96,1.91
,,21,1.02,1.99
,,22,1.02,1.99
,,25,1.02,1.99
,,26,1.06,2.05
,,27,1.05,2.03
,,28,1.02,1.99
,,29,1.02,2
,May,3,1.02,2
,,4,1.02,2.01
,,5,1.03,2.01
,,6,1.03,1.99
,,9,1.04,2.01
,,10,1.05,2.02
,,11,1.02,1.98
,,12,1.01,1.95
,,13,1.01,1.95
,,16,1,1.93
,,17,1,1.96
,,18,1.02,2.02
,,19,1.05,2.09
,,20,1.04,2.11
,,23,1.06,2.12
,,24,1.07,2.15
,,25,1.07,2.17
,,26,1.04,2.11
,,27,1.06,2.17
,,30,1.11,2.24
,,31,1.08,2.24
,Jun,1,1.05,2.22
,,2,1.01,2.18
,,3,1,2.16
,,6,0.94,2.08
,,7,0.95,2.1
,,8,0.92,2.05
,,9,0.91,1.98
,,10,0.92,2
,,13,0.91,1.97
,,14,0.94,1.98
,,15,0.99,2.05
,,16,0.96,1.99
,,17,1.01,2.09
,,20,1.05,2.14
,,21,1.02,2.09
,,22,1.01,2.03
,,23,1.01,2.04
,,24,1,1.91
,,27,0.99,1.84
,,28,1.02,1.89
,,29,1.03,1.9
,,30,1.02,1.91
,Jul,1,0.97,1.83
,,4,0.96,1.82
,,5,0.92,1.73
,,7,0.93,1.72
,,8,0.93,1.71
,,11,0.92,1.67
,,12,0.94,1.77
,,13,0.93,1.75
,,14,0.93,1.74
,,15,0.93,1.73
,,18,0.92,1.72
,,19,0.92,1.67
,,20,0.96,1.75
,,21,0.96,1.8
,,22,0.95,1.76
,,25,0.97,1.79
,,26,0.97,1.75
,,27,0.99,1.8
,,28,0.96,1.76
,,29,0.95,1.81
,Aug,1,0.92,1.77
,,2,0.93,1.84
,,3,0.94,1.87
,,4,0.93,1.86
,,5,0.9,1.81
,,8,0.9,1.84
,,10,0.86,1.78
,,11,0.88,1.79
,,12,0.87,1.76
,,15,0.87,1.73
,,16,0.84,1.69
,,17,0.87,1.77
,,18,0.85,1.73
,,19,0.85,1.75
,,22,0.84,1.8
,,23,0.82,1.78
,,24,0.81,1.78
,,25,0.8,1.77
,,26,0.8,1.77
,,29,0.88,1.81
,,30,0.88,1.81
,,31,0.85,1.8
,Sep,1,0.84,1.78
,,2,0.81,1.76
,,5,0.79,1.74
,,6,0.78,1.72
,,7,0.76,1.68
,,8,0.76,1.66
,,9,0.79,1.74
,,13,0.84,1.82
,,14,0.85,1.86
,,15,0.87,1.92
,,16,0.86,1.86
,,19,0.85,1.87
,,20,0.85,1.85
,,21,0.84,1.85
,,22,0.81,1.78
,,23,0.82,1.77
,,26,0.81,1.75
,,27,0.83,1.78
,,28,0.89,1.8
,,29,0.95,1.88
,,30,0.92,1.78
,Oct,3,0.93,1.81
,,4,0.92,1.86
,,5,0.93,1.88
,,6,0.92,1.86
,,7,0.92,1.88
,,10,0.9,1.86
,,11,0.93,1.94
,,12,0.93,1.91
,,13,0.9,1.86
,,14,0.9,1.89
,,17,0.9,1.94
,,18,0.88,1.88
,,19,0.88,1.87
,,20,0.89,1.86
,,21,0.91,1.86
,,24,0.88,1.83
,,25,0.88,1.82
,,26,0.86,1.81
,,27,0.87,1.86
,,28,0.88,1.93
,,31,0.88,1.89
,Nov,1,0.88,1.93
,,2,0.87,1.92
,,3,0.85,1.92
,,4,0.85,1.93
,,7,0.86,1.97
,,8,0.85,1.97
,,9,0.85,1.94
,,10,0.92,2.03
,,11,0.98,2.14
,,14,1.11,2.33
,,15,1.09,2.3
,,16,1.08,2.3
,,17,1.06,2.23
,,18,1.13,2.35
,,21,1.12,2.35
,,22,1.11,2.3
,,23,1.11,2.31
,,24,1.17,2.42
,,25,1.15,2.35
,,28,1.11,2.3
,,29,1.1,2.31
,,30,1.1,2.3
,Dec,1,1.14,2.35
,,2,1.21,2.45
,,5,1.2,2.4
,,6,1.2,2.36
,,7,1.17,2.34
,,8,1.16,2.33
,,9,1.22,2.41
,,12,1.26,2.5
,,13,1.29,2.5
,,14,1.3,2.45
,,15,1.4,2.54
,,16,1.41,2.52
,,19,1.38,2.49
,,20,1.38,2.51
,,21,1.36,2.49
,,22,1.33,2.45
,,23,1.31,2.43
,,27,1.29,2.39
,,28,1.3,2.42
,,29,1.29,2.41
,,30,1.31,2.47
,,,,
"* Data reflects bid rates quoted by SGS Primary Dealers to each other based on standard market lot transactions as specified in the Rules and Market Practices of the SGS Market. Prices quoted to non-Primary Dealers may be different, subject to factors such as transaction size and administrative costs.",,,,
* Figures before 2000 are the modes of closing bid prices quoted by SGS primary dealers.,,,,
* Figures after 2000 are the average of closing bid rates quoted by SGS primary dealers.,,,,
* Overnight repo rates are closing offer rates quoted by SGS primary dealers.,,,,
* The 7-year benchmark was discontinued on 1 February 2011.,,,,
* The final 3-month T-bill was issued on 20th June 2013.,,,,
* Issuance of 6-month T-bills ceased on 27th December 2013 and resumed on 2nd July 2019.,,,,
* The SGS Overnight Repo rate was discontinued on 1 January 2014.,,,,
* Yield is quoted as % p.a.,,,,
"* Bond price is quoted in S$ per S$100 of principal amount, excluding any applicable accrued interest (i.e. on clean basis).",,,,
,,,,
,,,Average Buying Rates of Govt Securities Dealers 2-Year Bond Yield,Average Buying Rates of Govt Securities Dealers 10-Year Bond Yield
2017,Jan,3,1.3,2.49
,,4,1.32,2.56
,,5,1.28,2.5
,,6,1.26,2.45
,,9,1.24,2.41
,,10,1.22,2.39
,,11,1.22,2.39
,,12,1.17,2.3
,,13,1.17,2.32
,,16,1.16,2.34
,,17,1.14,2.3
,,18,1.14,2.32
,,19,1.16,2.37
,,20,1.15,2.34
,,23,1.13,2.31
,,24,1.14,2.3
,,25,1.17,2.35
,,26,1.37,2.4
,,27,1.36,2.38
,,31,1.29,2.3
,Feb,1,1.29,2.3
,,2,1.24,2.28
,,3,1.24,2.3
,,6,1.2,2.26
,,7,1.18,2.22
,,8,1.2,2.22
,,9,1.21,2.23
,,10,1.25,2.25
,,13,1.27,2.29
,,14,1.23,2.25
,,15,1.21,2.24
,,16,1.21,2.26
,,17,1.21,2.26
,,20,1.21,2.26
,,21,1.25,2.28
,,22,1.25,2.27
,,23,1.23,2.23
,,24,1.23,2.34
,,27,1.23,2.32
,,28,1.23,2.31
,Mar,1,1.28,2.35
,,2,1.28,2.35
,,3,1.29,2.33
,,6,1.25,2.29
,,7,1.25,2.32
,,8,1.26,2.37
,,9,1.28,2.43
,,10,1.28,2.46
,,13,1.25,2.43
,,14,1.3,2.48
,,15,1.29,2.43
,,16,1.24,2.35
,,17,1.22,2.32
,,20,1.21,2.27
,,21,1.21,2.26
,,22,1.22,2.24
,,23,1.22,2.24
,,24,1.23,2.26
,,27,1.2,2.19
,,28,1.25,2.21
,,29,1.26,2.22
,,30,1.25,2.19
,,31,1.32,2.25
,Apr,3,1.31,2.23
,,4,1.29,2.2
,,5,1.27,2.22
,,6,1.24,2.21
,,7,1.23,2.2
,,10,1.24,2.22
,,11,1.22,2.2
,,12,1.19,2.17
,,13,1.18,2.13
,,17,1.17,2.11
,,18,1.18,2.11
,,19,1.2,2.09
,,20,1.23,2.12
,,21,1.23,2.11
,,24,1.24,2.14
,,25,1.24,2.15
,,26,1.25,2.18
,,27,1.23,2.16
,,28,1.21,2.13
,May,2,1.21,2.14
,,3,1.22,2.12
,,4,1.23,2.15
,,5,1.24,2.16
,,8,1.23,2.15
,,9,1.26,2.2
,,11,1.27,2.21
,,12,1.23,2.18
,,15,1.2,2.14
,,16,1.19,2.13
,,17,1.17,2.08
,,18,1.18,2.06
,,19,1.21,2.1
,,22,1.2,2.09
,,23,1.2,2.07
,,24,1.2,2.1
,,25,1.19,2.08
,,26,1.2,2.07
,,29,1.21,2.12
,,30,1.2,2.09
,,31,1.21,2.08
,Jun,1,1.22,2.08
,,2,1.23,2.09
,,5,1.22,2.06
,,6,1.21,2.05
,,7,1.22,2.06
,,8,1.22,2.09
,,9,1.24,2.11
,,12,1.26,2.14
,,13,1.27,2.13
,,14,1.26,2.09
,,15,1.24,2.05
,,16,1.25,2.09
,,19,1.23,2.04
,,20,1.22,2.04
,,21,1.18,1.99
,,22,1.17,1.98
,,23,1.19,1.99
,,27,1.17,1.97
,,28,1.2,2.03
,,29,1.23,2.06
,,30,1.22,2.09
,Jul,3,1.22,2.15
,,4,1.22,2.16
,,5,1.23,2.17
,,6,1.24,2.15
,,7,1.3,2.23
,,10,1.3,2.22
,,11,1.31,2.21
,,12,1.27,2.16
,,13,1.23,2.11
,,14,1.2,2.1
,,17,1.17,2.06
,,18,1.18,2.07
,,19,1.22,2.08
,,20,1.24,2.1
,,21,1.21,2.06
,,24,1.2,2.04
,,25,1.21,2.07
,,26,1.25,2.11
,,27,1.23,2.08
,,28,1.24,2.1
,,31,1.23,2.1
,Aug,1,1.24,2.13
,,2,1.24,2.15
,,3,1.24,2.14
,,4,1.23,2.11
,,7,1.24,2.13
,,8,1.24,2.11
,,10,1.23,2.1
,,11,1.21,2.07
,,14,1.22,2.11
,,15,1.26,2.14
,,16,1.28,2.16
,,17,1.27,2.13
,,18,1.26,2.11
,,21,1.25,2.11
,,22,1.26,2.13
,,23,1.3,2.16
,,24,1.32,2.16
,,25,1.35,2.18
,,28,1.31,2.14
,,29,1.28,2.09
,,30,1.27,2.1
,,31,1.28,2.09
,Sep,4,1.26,2.05
,,5,1.27,2.04
,,6,1.24,1.99
,,7,1.24,1.98
,,8,1.21,1.94
,,11,1.23,2
,,12,1.24,2.02
,,13,1.24,2.01
,,14,1.26,2.04
,,15,1.27,2.06
,,18,1.28,2.08
,,19,1.28,2.08
,,20,1.28,2.07
,,21,1.3,2.1
,,22,1.3,2.09
,,25,1.3,2.12
,,26,1.31,2.12
,,27,1.42,2.18
,,28,1.42,2.21
,,29,1.39,2.15
,Oct,2,1.41,2.19
,,3,1.39,2.17
,,4,1.36,2.13
,,5,1.35,2.12
,,6,1.35,2.15
,,9,1.34,2.13
,,10,1.32,2.09
,,11,1.31,2.09
,,12,1.31,2.08
,,13,1.33,2.07
,,16,1.32,2.04
,,17,1.35,2.08
,,19,1.37,2.11
,,20,1.41,2.17
,,23,1.43,2.22
,,24,1.44,2.23
,,25,1.48,2.28
,,26,1.48,2.27
,,27,1.49,2.28
,,30,1.46,2.21
,,31,1.42,2.15
,Nov,1,1.42,2.16
,,2,1.41,2.15
,,3,1.42,2.16
,,6,1.41,2.13
,,7,1.41,2.13
,,8,1.42,2.12
,,9,1.43,2.13
,,10,1.47,2.17
,,13,1.48,2.17
,,14,1.49,2.18
,,15,1.46,2.14
,,16,1.46,2.13
,,17,1.46,2.13
,,20,1.44,2.09
,,21,1.45,2.1
,,22,1.44,2.08
,,23,1.44,2.06
,,24,1.44,2.09
,,27,1.46,2.13
,,28,1.48,2.13
,,29,1.49,2.12
,,30,1.49,2.13
,Dec,1,1.49,2.13
,,4,1.49,2.12
,,5,1.49,2.08
,,6,1.48,2.04
,,7,1.5,2.04
,,8,1.51,2.07
,,11,1.52,2.06
,,12,1.53,2.05
,,13,1.53,2.04
,,14,1.53,2
,,15,1.53,1.95
,,18,1.56,1.98
,,19,1.6,1.99
,,20,1.62,2.03
,,21,1.64,2.05
,,22,1.64,2.04
,,26,1.66,2.05
,,27,1.69,2.03
,,28,1.69,2
,,29,1.65,2
,,,,
"* Data reflects bid rates quoted by SGS Primary Dealers to each other based on standard market lot transactions as specified in the Rules and Market Practices of the SGS Market. Prices quoted to non-Primary Dealers may be different, subject to factors such as transaction size and administrative costs.",,,,
* Figures before 2000 are the modes of closing bid prices quoted by SGS primary dealers.,,,,
* Figures after 2000 are the average of closing bid rates quoted by SGS primary dealers.,,,,
* Overnight repo rates are closing offer rates quoted by SGS primary dealers.,,,,
* The 7-year benchmark was discontinued on 1 February 2011.,,,,
* The final 3-month T-bill was issued on 20th June 2013.,,,,
* Issuance of 6-month T-bills ceased on 27th December 2013 and resumed on 2nd July 2019.,,,,
* The SGS Overnight Repo rate was discontinued on 1 January 2014.,,,,
* Yield is quoted as % p.a.,,,,
"* Bond price is quoted in S$ per S$100 of principal amount, excluding any applicable accrued interest (i.e. on clean basis).",,,,
,,,,
,,,Average Buying Rates of Govt Securities Dealers 2-Year Bond Yield,Average Buying Rates of Govt Securities Dealers 10-Year Bond Yield
2018,Jan,2,1.61,2
,,3,1.57,2.04
,,4,1.55,2.04
,,5,1.55,2.03
,,8,1.54,2.06
,,9,1.51,2.09
,,10,1.51,2.14
,,11,1.45,2.1
,,12,1.45,2.08
,,15,1.45,2.07
,,16,1.43,2.07
,,17,1.43,2.09
,,18,1.44,2.12
,,19,1.45,2.15
,,22,1.46,2.17
,,23,1.44,2.14
,,24,1.45,2.15
,,25,1.44,2.13
,,26,1.46,2.12
,,29,1.49,2.19
,,30,1.53,2.27
,,31,1.52,2.2
,Feb,1,1.56,2.27
,,2,1.58,2.3
,,5,1.58,2.31
,,6,1.55,2.25
,,7,1.54,2.2
,,8,1.56,2.23
,,9,1.59,2.25
,,12,1.58,2.26
,,13,1.57,2.24
,,14,1.56,2.25
,,15,1.57,2.29
,,19,1.56,2.3
,,20,1.61,2.38
,,21,1.61,2.38
,,22,1.66,2.42
,,23,1.65,2.4
,,26,1.63,2.38
,,27,1.64,2.37
,,28,1.66,2.39
,Mar,1,1.67,2.36
,,2,1.66,2.34
,,5,1.66,2.32
,,6,1.68,2.35
,,7,1.71,2.38
,,8,1.75,2.42
,,9,1.77,2.44
,,12,1.8,2.48
,,13,1.79,2.44
,,14,1.77,2.41
,,15,1.76,2.37
,,16,1.75,2.37
,,19,1.81,2.43
,,20,1.86,2.44
,,21,1.91,2.43
,,22,1.89,2.39
,,23,1.88,2.36
,,26,1.89,2.41
,,27,1.95,2.38
,,28,1.91,2.32
,,29,1.9,2.29
,Apr,2,1.9,2.31
,,3,1.89,2.33
,,4,1.87,2.31
,,5,1.88,2.35
,,6,1.89,2.38
,,9,1.9,2.38
,,10,1.9,2.39
,,11,1.9,2.38
,,12,1.88,2.37
,,13,1.88,2.39
,,16,1.88,2.4
,,17,1.88,2.38
,,18,1.89,2.37
,,19,1.92,2.42
,,20,1.93,2.49
,,23,1.97,2.55
,,24,1.92,2.5
,,25,1.95,2.55
,,26,1.96,2.64
,,27,1.96,2.61
,,30,1.95,2.6
,May,2,1.96,2.63
,,3,1.95,2.61
,,4,1.94,2.59
,,7,1.95,2.6
,,8,1.97,2.62
,,9,2,2.65
,,10,1.99,2.62
,,11,1.97,2.59
,,14,1.95,2.59
,,15,1.97,2.63
,,16,1.96,2.65
,,17,1.97,2.68
,,18,1.95,2.67
,,21,1.95,2.68
,,22,1.94,2.67
,,23,1.94,2.63
,,24,1.94,2.61
,,25,1.95,2.61
,,28,1.96,2.62
,,30,1.94,2.58
,,31,1.94,2.58
,Jun,1,1.94,2.56
,,4,1.95,2.57
,,5,1.97,2.57
,,6,1.97,2.58
,,7,1.97,2.6
,,8,1.97,2.59
,,11,1.97,2.63
,,12,1.97,2.62
,,13,1.97,2.61
,,14,1.96,2.6
,,18,1.96,2.57
,,19,1.96,2.53
,,20,1.96,2.54
,,21,1.97,2.57
,,22,1.97,2.57
,,25,1.97,2.55
,,26,1.97,2.56
,,27,1.96,2.55
,,28,1.96,2.55
,,29,1.96,2.53
,Jul,2,1.95,2.49
,,3,1.94,2.49
,,4,1.92,2.47
,,5,1.92,2.46
,,6,1.88,2.41
,,9,1.89,2.44
,,10,1.89,2.44
,,11,1.87,2.42
,,12,1.88,2.43
,,13,1.89,2.45
,,16,1.86,2.42
,,17,1.85,2.42
,,18,1.85,2.43
,,19,1.85,2.45
,,20,1.86,2.42
,,23,1.87,2.43
,,24,1.88,2.46
,,25,1.85,2.41
,,26,1.86,2.42
,,27,1.88,2.45
,,30,1.9,2.45
,,31,1.9,2.46
,Aug,1,1.92,2.49
,,2,1.95,2.5
,,3,1.96,2.48
,,6,1.94,2.46
,,7,1.92,2.46
,,8,1.92,2.46
,,10,1.92,2.42
,,13,1.92,2.4
,,14,1.93,2.45
,,15,1.93,2.46
,,16,1.9,2.45
,,17,1.88,2.42
,,20,1.88,2.42
,,21,1.87,2.4
,,23,1.87,2.39
,,24,1.88,2.38
,,27,1.88,2.35
,,28,1.88,2.37
,,29,1.92,2.38
,,30,1.9,2.38
,,31,1.9,2.38
,Sep,3,1.89,2.4
,,4,1.9,2.4
,,5,1.9,2.4
,,6,1.9,2.39
,,7,1.9,2.4
,,10,1.89,2.43
,,11,1.89,2.43
,,12,1.89,2.44
,,13,1.91,2.46
,,14,1.93,2.48
,,17,1.95,2.48
,,18,1.95,2.48
,,19,1.97,2.52
,,20,1.98,2.53
,,21,2.02,2.56
,,24,2.01,2.56
,,25,2.02,2.59
,,26,2,2.56
,,27,1.96,2.51
,,28,1.95,2.5
,Oct,1,1.96,2.53
,,2,1.97,2.53
,,3,1.96,2.51
,,4,2.02,2.6
,,5,2.02,2.6
,,8,2.05,2.64
,,9,2.08,2.65
,,10,2.06,2.64
,,11,2.05,2.58
,,12,2.04,2.58
,,15,2.01,2.56
,,16,2.02,2.59
,,17,2.04,2.58
,,18,2.05,2.61
,,19,2.09,2.58
,,22,2.1,2.6
,,23,2.09,2.58
,,24,2.07,2.56
,,25,2.05,2.54
,,26,2.04,2.51
,,29,2.03,2.48
,,30,2.04,2.5
,,31,2.06,2.51
,Nov,1,2.07,2.51
,,2,2.09,2.5
,,5,2.12,2.51
,,7,2.12,2.52
,,8,2.12,2.54
,,9,2.11,2.51
,,12,2.09,2.49
,,13,2.08,2.49
,,14,2.06,2.48
,,15,2.06,2.45
,,16,2.06,2.45
,,19,2.06,2.44
,,20,2.06,2.44
,,21,2.08,2.45
,,22,2.1,2.44
,,23,2.08,2.42
,,26,2.08,2.41
,,27,2.07,2.4
,,28,2.06,2.4
,,29,2.02,2.35
,,30,2.01,2.35
,Dec,3,2.05,2.39
,,4,2.04,2.32
,,5,2.04,2.26
,,6,2.02,2.24
,,7,2,2.23
,,10,2,2.23
,,11,2.02,2.27
,,12,2.03,2.31
,,13,2.02,2.3
,,14,1.98,2.22
,,17,1.95,2.21
,,18,1.93,2.16
,,19,1.91,2.14
,,20,1.94,2.1
,,21,1.98,2.13
,,24,1.96,2.11
,,26,1.94,2.07
,,27,1.95,2.09
,,28,1.94,2.09
,,31,1.88,2.04
,,,,
"* Data reflects bid rates quoted by SGS Primary Dealers to each other based on standard market lot transactions as specified in the Rules and Market Practices of the SGS Market. Prices quoted to non-Primary Dealers may be different, subject to factors such as transaction size and administrative costs.",,,,
* Figures before 2000 are the modes of closing bid prices quoted by SGS primary dealers.,,,,
* Figures after 2000 are the average of closing bid rates quoted by SGS primary dealers.,,,,
* Overnight repo rates are closing offer rates quoted by SGS primary dealers.,,,,
* The 7-year benchmark was discontinued on 1 February 2011.,,,,
* The final 3-month T-bill was issued on 20th June 2013.,,,,
* Issuance of 6-month T-bills ceased on 27th December 2013 and resumed on 2nd July 2019.,,,,
* The SGS Overnight Repo rate was discontinued on 1 January 2014.,,,,
* Yield is quoted as % p.a.,,,,
"* Bond price is quoted in S$ per S$100 of principal amount, excluding any applicable accrued interest (i.e. on clean basis).",,,,
,,,,
,,,Average Buying Rates of Govt Securities Dealers 2-Year Bond Yield,Average Buying Rates of Govt Securities Dealers 10-Year Bond Yield
2019,Jan,2,1.87,2.05
,,3,1.86,2.05
,,4,1.87,2.13
,,7,1.9,2.18
,,8,1.91,2.24
,,9,1.92,2.28
,,10,1.9,2.22
,,11,1.9,2.19
,,14,1.89,2.15
,,15,1.89,2.18
,,16,1.91,2.19
,,17,1.94,2.16
,,18,1.98,2.2
,,21,2,2.23
,,22,2,2.23
,,23,2.03,2.22
,,24,2.02,2.2
,,25,2.02,2.21
,,28,2.03,2.21
,,29,2.03,2.2
,,30,2.02,2.2
,,31,1.98,2.15
,Feb,1,1.98,2.15
,,4,1.99,2.18
,,7,1.97,2.17
,,8,1.96,2.14
,,11,1.98,2.16
,,12,1.98,2.18
,,13,1.96,2.15
,,14,1.96,2.15
,,15,1.94,2.12
,,18,1.95,2.13
,,19,1.95,2.14
,,20,1.94,2.12
,,21,1.94,2.14
,,22,1.95,2.17
,,25,1.94,2.17
,,26,1.95,2.18
,,27,2,2.23
,,28,2,2.26
,Mar,1,2.01,2.27
,,4,1.99,2.27
,,5,1.98,2.24
,,6,1.97,2.22
,,7,1.96,2.21
,,8,1.96,2.18
,,11,1.96,2.19
,,12,1.97,2.22
,,13,1.96,2.2
,,14,1.96,2.21
,,15,1.96,2.2
,,18,1.95,2.16
,,19,1.96,2.15
,,20,1.97,2.15
,,21,1.94,2.06
,,22,1.92,2.05
,,25,1.9,2.04
,,26,1.91,2.07
,,27,1.9,2.05
,,28,1.9,2.05
,,29,1.92,2.07
,Apr,1,1.92,2.08
,,2,1.9,2.07
,,3,1.9,2.09
,,4,1.89,2.08
,,5,1.89,2.09
,,8,1.87,2.09
,,9,1.87,2.08
,,10,1.87,2.08
,,11,1.86,2.07
,,12,1.88,2.1
,,15,1.88,2.14
,,16,1.87,2.14
,,17,1.88,2.18
,,18,1.88,2.15
,,22,1.88,2.17
,,23,1.89,2.2
,,24,1.89,2.16
,,25,1.9,2.16
,,26,1.93,2.19
,,29,1.92,2.18
,,30,1.91,2.17
,May,2,1.94,2.23
,,3,1.95,2.25
,,6,1.95,2.21
,,7,1.94,2.19
,,8,1.93,2.18
,,9,1.93,2.16
,,10,1.94,2.17
,,13,1.92,2.13
,,14,1.92,2.13
,,15,1.94,2.15
,,16,1.93,2.14
,,17,1.94,2.16
,,21,1.94,2.17
,,22,1.97,2.19
,,23,1.96,2.16
,,24,1.94,2.13
,,27,1.95,2.13
,,28,1.93,2.11
,,29,1.95,2.11
,,30,1.96,2.13
,,31,1.94,2.09
,Jun,3,1.88,2.06
,,4,1.81,2.06
,,6,1.73,2.04
,,7,1.71,2.03
,,10,1.74,2.05
,,11,1.78,2.05
,,12,1.77,2.01
,,13,1.74,1.96
,,14,1.72,1.94
,,17,1.74,1.98
,,18,1.74,1.98
,,19,1.72,1.98
,,20,1.67,1.95
,,21,1.65,1.97
,,24,1.66,2.01
,,25,1.66,2.02
,,26,1.64,2
,,27,1.65,2.02
,,28,1.66,2
,Jul,1,1.67,2.01
,,2,1.69,1.99
,,3,1.68,1.93
,,4,1.68,1.91
,,5,1.68,1.9
,,8,1.69,1.94
,,9,1.71,1.98
,,10,1.69,1.98
,,11,1.62,1.92
,,12,1.65,1.97
,,15,1.69,1.99
,,16,1.68,1.96
,,17,1.68,1.96
,,18,1.69,1.95
,,19,1.68,1.95
,,22,1.71,1.95
,,23,1.71,1.95
,,24,1.69,1.94
,,25,1.66,1.93
,,26,1.67,1.94
,,29,1.67,1.94
,,30,1.68,1.93
,,31,1.69,1.92
,Aug,1,1.72,1.92
,,2,1.69,1.86
,,5,1.68,1.78
,,6,1.68,1.8
,,7,1.66,1.76
,,8,1.66,1.74
,,13,1.64,1.65
,,14,1.66,1.67
,,15,1.66,1.65
,,16,1.68,1.69
,,19,1.71,1.8
,,20,1.68,1.78
,,21,1.68,1.8
,,22,1.69,1.81
,,23,1.67,1.8
,,26,1.63,1.72
,,27,1.63,1.7
,,28,1.63,1.68
,,29,1.66,1.7
,,30,1.68,1.75
,Sep,2,1.67,1.74
,,3,1.67,1.73
,,4,1.65,1.69
,,5,1.64,1.67
,,6,1.64,1.71
,,9,1.65,1.73
,,10,1.65,1.74
,,11,1.65,1.75
,,12,1.65,1.73
,,13,1.65,1.76
,,16,1.66,1.8
,,17,1.65,1.78
,,18,1.65,1.76
,,19,1.66,1.75
,,20,1.67,1.74
,,23,1.67,1.72
,,24,1.68,1.72
,,25,1.68,1.7
,,26,1.69,1.74
,,27,1.67,1.74
,,30,1.66,1.74
,Oct,1,1.66,1.75
,,2,1.65,1.73
,,3,1.64,1.69
,,4,1.6,1.64
,,7,1.59,1.64
,,8,1.58,1.67
,,9,1.58,1.66
,,10,1.55,1.66
,,11,1.57,1.68
,,14,1.58,1.7
,,15,1.58,1.69
,,16,1.58,1.7
,,17,1.59,1.72
,,18,1.59,1.73
,,21,1.6,1.75
,,22,1.58,1.73
,,23,1.57,1.69
,,24,1.57,1.7
,,25,1.57,1.71
,,29,1.6,1.77
,,30,1.61,1.78
,,31,1.61,1.78
,Nov,1,1.59,1.73
,,4,1.57,1.74
,,5,1.53,1.75
,,6,1.53,1.77
,,7,1.52,1.77
,,8,1.51,1.8
,,11,1.53,1.82
,,12,1.52,1.82
,,13,1.5,1.8
,,14,1.47,1.76
,,15,1.48,1.76
,,18,1.49,1.78
,,19,1.47,1.76
,,20,1.47,1.72
,,21,1.5,1.74
,,22,1.5,1.74
,,25,1.51,1.75
,,26,1.54,1.75
,,27,1.54,1.75
,,28,1.53,1.75
,,29,1.52,1.74
,Dec,2,1.53,1.77
,,3,1.54,1.77
,,4,1.53,1.74
,,5,1.54,1.76
,,6,1.55,1.76
,,9,1.55,1.76
,,10,1.55,1.75
,,11,1.54,1.74
,,12,1.55,1.74
,,13,1.56,1.79
,,16,1.56,1.75
,,17,1.56,1.75
,,18,1.56,1.73
,,19,1.58,1.73
,,20,1.62,1.75
,,23,1.62,1.75
,,24,1.61,1.75
,,26,1.57,1.73
,,27,1.54,1.71
,,30,1.53,1.73
,,31,1.53,1.74
,,,,
"* Data reflects bid rates quoted by SGS Primary Dealers to each other based on standard market lot transactions as specified in the Rules and Market Practices of the SGS Market. Prices quoted to non-Primary Dealers may be different, subject to factors such as transaction size and administrative costs.",,,,
* Figures before 2000 are the modes of closing bid prices quoted by SGS primary dealers.,,,,
* Figures after 2000 are the average of closing bid rates quoted by SGS primary dealers.,,,,
* Overnight repo rates are closing offer rates quoted by SGS primary dealers.,,,,
* The 7-year benchmark was discontinued on 1 February 2011.,,,,
* The final 3-month T-bill was issued on 20th June 2013.,,,,
* Issuance of 6-month T-bills ceased on 27th December 2013 and resumed on 2nd July 2019.,,,,
* The SGS Overnight Repo rate was discontinued on 1 January 2014.,,,,
* Yield is quoted as % p.a.,,,,
"* Bond price is quoted in S$ per S$100 of principal amount, excluding any applicable accrued interest (i.e. on clean basis).",,,,
,,,,
,,,Average Buying Rates of Govt Securities Dealers 2-Year Bond Yield,Average Buying Rates of Govt Securities Dealers 10-Year Bond Yield
2020,Jan,2,1.52,1.78
,,3,1.49,1.76
,,6,1.47,1.74
,,7,1.47,1.75
,,8,1.46,1.74
,,9,1.47,1.76
,,10,1.47,1.74
,,13,1.46,1.75
,,14,1.45,1.75
,,15,1.45,1.74
,,16,1.46,1.74
,,17,1.46,1.74
,,20,1.44,1.72
,,21,1.43,1.71
,,22,1.44,1.71
,,23,1.42,1.66
,,24,1.41,1.66
,,28,1.36,1.58
,,29,1.38,1.62
,,30,1.4,1.59
,,31,1.43,1.61
,Feb,3,1.43,1.6
,,4,1.46,1.63
,,5,1.5,1.66
,,6,1.53,1.7
,,7,1.51,1.69
,,10,1.54,1.71
,,11,1.53,1.7
,,12,1.54,1.71
,,13,1.52,1.69
,,14,1.51,1.67
,,17,1.49,1.66
,,18,1.49,1.65
,,19,1.49,1.66
,,20,1.48,1.66
,,21,1.48,1.63
,,24,1.47,1.58
,,25,1.48,1.59
,,26,1.44,1.51
,,27,1.38,1.46
,,28,1.28,1.38
,Mar,2,1.22,1.41
,,3,1.24,1.46
,,4,1.15,1.35
,,5,1.06,1.35
,,6,0.93,1.22
,,9,0.8,1.01
,,10,0.86,1.17
,,11,0.89,1.19
,,12,0.82,1.26
,,13,0.89,1.48
,,16,0.8,1.36
,,17,0.92,1.4
,,18,1.1,1.61
,,19,1.2,1.77
,,20,1.1,1.65
,,23,1.04,1.56
,,24,1.02,1.56
,,25,0.96,1.48
,,26,0.82,1.42
,,27,0.81,1.37
,,30,0.74,1.24
,,31,0.76,1.29
,Apr,1,0.73,1.26
,,2,0.61,1.1
,,3,0.58,1.04
,,6,0.62,1.07
,,7,0.65,1.11
,,8,0.66,1.1
,,9,0.65,1.09
,,13,0.64,1.1
,,14,0.64,1.1
,,15,0.61,1.07
,,16,0.59,1.03
,,17,0.6,1.04
,,20,0.56,1.04
,,21,0.5,1.02
,,22,0.5,1.03
,,23,0.49,1.03
,,24,0.48,1.01
,,27,0.48,1.01
,,28,0.47,1
,,29,0.42,0.94
,,30,0.43,0.9
,May,4,0.41,0.88
,,5,0.42,0.9
,,6,0.45,0.93
,,8,0.42,0.89
,,11,0.41,0.88
,,12,0.38,0.87
,,13,0.34,0.79
,,14,0.25,0.74
,,15,0.25,0.72
,,18,0.23,0.71
,,19,0.22,0.73
,,20,0.2,0.71
,,21,0.21,0.71
,,22,0.2,0.71
,,26,0.22,0.73
,,27,0.29,0.84
,,28,0.27,0.83
,,29,0.24,0.83
,Jun,1,0.25,0.83
,,2,0.29,0.85
,,3,0.31,0.92
,,4,0.33,0.95
,,5,0.35,1.04
,,8,0.36,1.06
,,9,0.29,0.99
,,10,0.29,0.98
,,11,0.28,0.94
,,12,0.31,0.95
,,15,0.3,0.92
,,16,0.29,0.92
,,17,0.3,0.93
,,18,0.3,0.88
,,19,0.3,0.9
,,22,0.31,0.9
,,23,0.33,0.94
,,24,0.31,0.94
,,25,0.31,0.91
,,26,0.32,0.94
,,29,0.29,0.92
,,30,0.29,0.9
,Jul,1,0.29,0.9
,,2,0.28,0.89
,,3,0.27,0.89
,,6,0.26,0.89
,,7,0.24,0.88
,,8,0.22,0.88
,,9,0.22,0.9
,,13,0.22,0.9
,,14,0.23,0.89
,,15,0.24,0.9
,,16,0.24,0.87
,,17,0.24,0.86
,,20,0.23,0.87
,,21,0.23,0.88
,,22,0.22,0.88
,,23,0.22,0.86
,,24,0.22,0.81
,,27,0.23,0.83
,,28,0.26,0.91
,,29,0.25,0.89
,,30,0.24,0.86
,Aug,3,0.25,0.85
,,4,0.26,0.87
,,5,0.26,0.85
,,6,0.22,0.84
,,7,0.22,0.82
,,11,0.23,0.87
,,12,0.24,0.88
,,13,0.24,0.87
,,14,0.26,0.91
,,17,0.24,0.89
,,18,0.24,0.9
,,19,0.24,0.89
,,20,0.24,0.91
,,21,0.25,0.89
,,24,0.26,0.91
,,25,0.27,0.93
,,26,0.28,0.96
,,27,0.33,0.95
,,28,0.33,1.01
,,31,0.29,1.01
,Sep,1,0.27,1
,,2,0.25,0.97
,,3,0.25,0.97
,,4,0.25,0.95
,,7,0.25,0.96
,,8,0.24,0.95
,,9,0.22,0.93
,,10,0.22,0.93
,,11,0.22,0.92
,,14,0.21,0.91
,,15,0.22,0.91
,,16,0.22,0.9
,,17,0.21,0.89
,,18,0.23,0.88
,,21,0.23,0.86
,,22,0.22,0.86
,,23,0.23,0.86
,,24,0.23,0.84
,,25,0.22,0.84
,,28,0.23,0.87
,,29,0.23,0.87
,,30,0.25,0.87
,Oct,1,0.24,0.88
,,2,0.23,0.86
,,5,0.23,0.88
,,6,0.24,0.91
,,7,0.24,0.92
,,8,0.24,0.91
,,9,0.25,0.9
,,12,0.23,0.9
,,13,0.23,0.89
,,14,0.23,0.89
,,15,0.23,0.88
,,16,0.23,0.88
,,19,0.22,0.88
,,20,0.23,0.85
,,21,0.23,0.87
,,22,0.23,0.86
,,23,0.25,0.85
,,26,0.24,0.83
,,27,0.25,0.85
,,28,0.25,0.83
,,29,0.25,0.83
,,30,0.26,0.81
,Nov,2,0.26,0.81
,,3,0.26,0.82
,,4,0.26,0.82
,,5,0.25,0.79
,,6,0.26,0.78
,,9,0.25,0.8
,,10,0.26,0.87
,,11,0.26,0.95
,,12,0.25,0.94
,,13,0.26,0.95
,,16,0.26,0.95
,,17,0.27,0.97
,,18,0.27,0.95
,,19,0.28,0.97
,,20,0.28,0.93
,,23,0.28,0.92
,,24,0.28,0.92
,,25,0.28,0.92
,,26,0.27,0.92
,,27,0.28,0.91
,,30,0.27,0.88
,Dec,1,0.28,0.86
,,2,0.28,0.87
,,3,0.29,0.9
,,4,0.31,0.91
,,7,0.3,0.92
,,8,0.34,0.93
,,9,0.35,0.95
,,10,0.36,0.95
,,11,0.36,0.93
,,14,0.35,0.92
,,15,0.37,0.92
,,16,0.36,0.92
,,17,0.35,0.92
,,18,0.35,0.9
,,21,0.33,0.88
,,22,0.33,0.86
,,23,0.31,0.84
,,24,0.32,0.85
,,28,0.29,0.85
,,29,0.28,0.85
,,30,0.26,0.85
,,31,0.29,0.84
,,,,
"* Data reflects bid rates quoted by SGS Primary Dealers to each other based on standard market lot transactions as specified in the Rules and Market Practices of the SGS Market. Prices quoted to non-Primary Dealers may be different, subject to factors such as transaction size and administrative costs.",,,,
* Figures before 2000 are the modes of closing bid prices quoted by SGS primary dealers.,,,,
* Figures after 2000 are the average of closing bid rates quoted by SGS primary dealers.,,,,
* Overnight repo rates are closing offer rates quoted by SGS primary dealers.,,,,
* The 7-year benchmark was discontinued on 1 February 2011.,,,,
* The final 3-month T-bill was issued on 20th June 2013.,,,,
* Issuance of 6-month T-bills ceased on 27th December 2013 and resumed on 2nd July 2019.,,,,
* The SGS Overnight Repo rate was discontinued on 1 January 2014.,,,,
* Yield is quoted as % p.a.,,,,
"* Bond price is quoted in S$ per S$100 of principal amount, excluding any applicable accrued interest (i.e. on clean basis).",,,,
,,,,
,,,Average Buying Rates of Govt Securities Dealers 2-Year Bond Yield,Average Buying Rates of Govt Securities Dealers 10-Year Bond Yield
2021,Jan,4,0.26,0.89
,,5,0.25,0.88
,,6,0.25,0.93
,,7,0.25,0.96
,,8,0.27,0.96
,,11,0.26,0.96
,,12,0.27,0.99
,,13,0.25,0.97
,,14,0.25,0.96
,,15,0.26,0.96
,,18,0.26,0.95
,,19,0.29,0.97
,,20,0.32,1.04
,,21,0.31,1.03
,,22,0.31,1.01
,,25,0.33,1.03
,,26,0.32,1
,,27,0.32,1
,,28,0.32,1
,,29,0.32,1
,Feb,1,0.33,1.04
,,2,0.35,1.06
,,3,0.36,1.09
,,4,0.34,1.09
,,5,0.33,1.06
,,8,0.32,1.09
,,9,0.32,1.08
,,10,0.31,1.05
,,11,0.32,1.02
,,15,0.33,1.09
,,16,0.32,1.07
,,17,0.33,1.2
,,18,0.33,1.19
,,19,0.35,1.24
,,22,0.36,1.32
,,23,0.37,1.29
,,24,0.4,1.26
,,25,0.4,1.29
,,26,0.41,1.33
,Mar,1,0.4,1.3
,,2,0.42,1.34
,,3,0.45,1.4
,,4,0.47,1.47
,,5,0.48,1.54
,,8,0.49,1.58
,,9,0.51,1.55
,,10,0.53,1.55
,,11,0.52,1.52
,,12,0.54,1.55
,,15,0.54,1.56
,,16,0.54,1.55
,,17,0.54,1.56
,,18,0.55,1.62
,,19,0.55,1.59
,,22,0.54,1.61
,,23,0.54,1.6
,,24,0.54,1.59
,,25,0.54,1.61
,,26,0.54,1.63
,,29,0.53,1.69
,,30,0.53,1.75
,,31,0.52,1.74
,Apr,1,0.52,1.72
,,5,0.52,1.73
,,6,0.5,1.69
,,7,0.49,1.64
,,8,0.49,1.6
,,9,0.49,1.61
,,12,0.49,1.6
,,13,0.48,1.62
,,14,0.46,1.58
,,15,0.44,1.53
,,16,0.45,1.53
,,19,0.45,1.54
,,20,0.45,1.59
,,21,0.45,1.6
,,22,0.43,1.58
,,23,0.43,1.58
,,26,0.43,1.59
,,27,0.43,1.61
,,28,0.43,1.62
,,29,0.43,1.62
,,30,0.43,1.59
,May,3,0.43,1.58
,,4,0.44,1.57
,,5,0.45,1.56
,,6,0.43,1.52
,,7,0.42,1.51
,,10,0.43,1.53
,,11,0.42,1.55
,,12,0.41,1.55
,,14,0.41,1.54
,,17,0.38,1.52
,,18,0.38,1.51
,,19,0.37,1.51
,,20,0.37,1.52
,,21,0.37,1.52
,,24,0.36,1.52
,,25,0.36,1.5
,,27,0.35,1.5
,,28,0.36,1.5
,,31,0.35,1.48
,Jun,1,0.35,1.5
,,2,0.36,1.5
,,3,0.36,1.5
,,4,0.36,1.52
,,7,0.35,1.5
,,8,0.35,1.49
,,9,0.34,1.46
,,10,0.35,1.43
,,11,0.34,1.39
,,14,0.34,1.41
,,15,0.35,1.42
,,16,0.36,1.44
,,17,0.38,1.49
,,18,0.38,1.47
,,21,0.41,1.47
,,22,0.43,1.52
,,23,0.43,1.53
,,24,0.44,1.57
,,25,0.45,1.56
,,28,0.44,1.61
,,29,0.43,1.6
,,30,0.43,1.58
,Jul,1,0.43,1.58
,,2,0.42,1.54
,,5,0.41,1.52
,,6,0.41,1.51
,,7,0.41,1.44
,,8,0.4,1.41
,,9,0.4,1.45
,,12,0.39,1.46
,,13,0.39,1.48
,,14,0.39,1.5
,,15,0.39,1.46
,,16,0.38,1.46
,,19,0.38,1.43
,,21,0.37,1.39
,,22,0.37,1.38
,,23,0.37,1.36
,,26,0.36,1.33
,,27,0.36,1.34
,,28,0.37,1.34
,,29,0.37,1.32
,,30,0.37,1.3
,Aug,2,0.37,1.3
,,3,0.36,1.28
,,4,0.36,1.31
,,5,0.36,1.33
,,6,0.35,1.36
,,10,0.36,1.44
,,11,0.36,1.48
,,12,0.36,1.46
,,13,0.35,1.45
,,16,0.34,1.39
,,17,0.34,1.36
,,18,0.35,1.4
,,19,0.37,1.38
,,20,0.36,1.37
,,23,0.36,1.39
,,24,0.35,1.39
,,25,0.37,1.4
,,26,0.38,1.43
,,27,0.37,1.44
,,30,0.37,1.43
,,31,0.36,1.41
,Sep,1,0.36,1.42
,,2,0.35,1.4
,,3,0.35,1.39
,,6,0.35,1.41
,,7,0.35,1.43
,,8,0.35,1.43
,,9,0.35,1.4
,,10,0.36,1.39
,,13,0.36,1.42
,,14,0.37,1.43
,,15,0.36,1.42
,,16,0.36,1.43
,,17,0.37,1.44
,,20,0.36,1.44
,,21,0.36,1.43
,,22,0.38,1.44
,,23,0.4,1.44
,,24,0.41,1.49
,,27,0.41,1.51
,,28,0.59,1.58
,,29,0.59,1.58
,,30,0.59,1.59
,Oct,1,0.58,1.57
,,4,0.57,1.57
,,5,0.57,1.57
,,6,0.57,1.61
,,7,0.57,1.64
,,8,0.6,1.72
,,11,0.61,1.76
,,12,0.6,1.74
,,13,0.59,1.7
,,14,0.6,1.66
,,15,0.62,1.67
,,18,0.7,1.73
,,19,0.74,1.72
,,20,0.75,1.75
,,21,0.74,1.75
,,22,0.76,1.76
,,25,0.76,1.75
,,26,0.76,1.75
,,27,0.79,1.77
,,28,0.86,1.78
,,29,0.89,1.84
,Nov,1,0.91,1.85
,,2,0.87,1.83
,,3,0.86,1.82
,,5,0.83,1.77
,,8,0.8,1.72
,,9,0.81,1.73
,,10,0.81,1.73
,,11,0.87,1.78
,,12,0.87,1.78
,,15,0.86,1.76
,,16,0.88,1.8
,,17,0.88,1.8
,,18,0.86,1.78
,,19,0.87,1.78
,,22,0.87,1.78
,,23,0.89,1.82
,,24,0.88,1.81
,,25,0.87,1.8
,,26,0.82,1.73
,,29,0.85,1.75
,,30,0.83,1.7
,Dec,1,0.89,1.74
,,2,0.88,1.69
,,3,0.89,1.69
,,6,0.89,1.68
,,7,0.92,1.71
,,8,0.93,1.71
,,9,0.9,1.71
,,10,0.89,1.68
,,13,0.88,1.66
,,14,0.87,1.64
,,15,0.87,1.64
,,16,0.86,1.61
,,17,0.85,1.59
,,20,0.84,1.54
,,21,0.84,1.56
,,22,0.86,1.6
,,23,0.88,1.61
,,24,0.89,1.6
,,27,0.88,1.59
,,28,0.88,1.6
,,29,0.88,1.62
,,30,0.89,1.65
,,31,0.91,1.67
,,,,
"* Data reflects bid rates quoted by SGS Primary Dealers to each other based on standard market lot transactions as specified in the Rules and Market Practices of the SGS Market. Prices quoted to non-Primary Dealers may be different, subject to factors such as transaction size and administrative costs.",,,,
* Figures before 2000 are the modes of closing bid prices quoted by SGS primary dealers.,,,,
* Figures after 2000 are the average of closing bid rates quoted by SGS primary dealers.,,,,
* Overnight repo rates are closing offer rates quoted by SGS primary dealers.,,,,
* The 7-year benchmark was discontinued on 1 February 2011.,,,,
* The final 3-month T-bill was issued on 20th June 2013.,,,,
* Issuance of 6-month T-bills ceased on 27th December 2013 and resumed on 2nd July 2019.,,,,
* The SGS Overnight Repo rate was discontinued on 1 January 2014.,,,,
* Yield is quoted as % p.a.,,,,
"* Bond price is quoted in S$ per S$100 of principal amount, excluding any applicable accrued interest (i.e. on clean basis).",,,,
,,,,
,,,Average Buying Rates of Govt Securities Dealers 2-Year Bond Yield,Average Buying Rates of Govt Securities Dealers 10-Year Bond Yield
2022,Jan,3,0.9,1.7
,,4,0.92,1.75
,,5,0.91,1.72
,,6,0.92,1.77
,,7,0.92,1.79
,,10,0.94,1.86
,,11,0.94,1.83
,,12,0.95,1.81
,,13,0.94,1.8
,,14,0.92,1.77
,,17,0.95,1.82
,,18,0.97,1.84
,,19,1,1.87
,,20,1.01,1.84
,,21,1,1.8
,,24,1.02,1.79
,,25,0.99,1.77
,,26,1,1.77
,,27,1.05,1.81
,,28,1.05,1.79
,,31,1.04,1.77
,Feb,3,1.02,1.75
,,4,1.04,1.78
,,7,1.08,1.83
,,8,1.09,1.88
,,9,1.08,1.88
,,10,1.09,1.89
,,11,1.21,1.96
,,14,1.2,1.94
,,15,1.22,1.97
,,16,1.22,1.95
,,17,1.22,1.98
,,18,1.22,1.99
,,21,1.21,1.98
,,22,1.2,1.94
,,23,1.22,1.96
,,24,1.21,1.91
,,25,1.22,1.92
,,28,1.21,1.9
,Mar,1,1.21,1.88
,,2,1.18,1.81
,,3,1.22,1.88
,,4,1.21,1.85
,,7,1.21,1.81
,,8,1.25,1.85
,,9,1.29,1.86
,,10,1.33,1.89
,,11,1.35,1.92
,,14,1.41,2
,,15,1.46,2.08
,,16,1.47,2.12
,,17,1.47,2.1
,,18,1.46,2.1
,,21,1.48,2.11
,,22,1.61,2.21
,,23,1.71,2.32
,,24,1.73,2.32
,,25,1.72,2.31
,,28,1.85,2.43
,,29,1.89,2.44
,,30,1.87,2.36
,,31,1.86,2.34
,Apr,1,1.87,2.38
,,4,1.87,2.34
,,5,1.85,2.35
,,6,1.92,2.51
,,7,1.86,2.48
,,8,1.86,2.55
,,11,1.87,2.61
,,12,1.88,2.65
,,13,1.87,2.61
,,14,1.81,2.5
,,18,1.88,2.6
,,19,1.88,2.57
,,20,1.92,2.59
,,21,1.94,2.57
,,22,2,2.6
,,25,1.97,2.53
,,26,2.01,2.55
,,27,2.01,2.52
,,28,2.01,2.54
,,29,2.01,2.53
,May,4,2.09,2.63
,,5,2.06,2.63
,,6,2.16,2.79
,,9,2.24,2.92
,,10,2.22,2.87
,,11,2.18,2.81
,,12,2.15,2.73
,,13,2.16,2.77
,,17,2.16,2.75
,,18,2.17,2.76
,,19,2.2,2.74
,,20,2.21,2.73
,,23,2.19,2.68
,,24,2.19,2.6
,,25,2.17,2.56
,,26,2.16,2.59
,,27,2.16,2.63
,,30,2.14,2.67
,,31,2.14,2.71
,Jun,1,2.14,2.76
,,2,2.18,2.83
,,3,2.15,2.83
,,6,2.16,2.84
,,7,2.19,2.9
,,8,2.18,2.89
,,9,2.2,2.93
,,10,2.22,2.93
,,13,2.46,3.1
,,14,2.63,3.15
,,15,2.66,3.24
,,16,2.59,3.18
,,17,2.53,3.11
,,20,2.51,3.1
,,21,2.53,3.11
,,22,2.5,3.05
,,23,2.48,2.99
,,24,2.46,2.96
,,27,2.49,3.01
,,28,2.74,3.04
,,29,2.71,3.01
,,30,2.68,2.98
,Jul,1,2.56,2.92
,,4,2.51,2.84
,,5,2.54,2.87
,,6,2.5,2.8
,,7,2.6,2.86
,,8,2.61,2.84
,,12,2.6,2.78
,,13,2.65,2.83
,,14,2.78,2.82
,,15,2.78,2.81
,,18,2.79,2.81
,,19,2.83,2.83
,,20,2.84,2.83
,,21,2.89,2.86
,,22,2.84,2.78
,,25,2.81,2.75
,,26,2.77,2.71
,,27,2.72,2.71
,,28,2.64,2.69
,,29,2.55,2.66
,Aug,1,2.54,2.64
,,2,2.5,2.54
,,3,2.56,2.61
,,4,2.54,2.62
,,5,2.57,2.62
,,8,2.65,2.7
,,10,2.67,2.71
,,11,2.66,2.68
,,12,2.67,2.7
,,15,2.65,2.67
,,16,2.61,2.63
,,17,2.62,2.65
,,18,2.63,2.66
,,19,2.65,2.71
,,22,2.64,2.75
,,23,2.66,2.81
,,24,2.66,2.86
,,25,2.67,2.9
,,26,2.69,2.93
,,29,2.77,3.04
,,30,2.77,2.99
,,31,2.78,2.98
,Sep,1,2.81,3.05
,,2,2.85,3.07
,,5,2.83,3.06
,,6,2.87,3.12
,,7,2.92,3.16
,,8,2.9,3.09
,,9,2.93,3.09
,,12,2.96,3.1
,,13,2.98,3.09
,,14,3.11,3.16
,,15,3.11,3.16
,,16,3.16,3.22
,,19,3.16,3.22
,,20,3.18,3.22
,,21,3.19,3.2
,,22,3.26,3.19
,,23,3.32,3.27
,,26,3.39,3.33
,,27,3.39,3.36
,,28,3.43,3.46
,,29,3.44,3.49
,,30,3.39,3.48
,Oct,3,3.39,3.47
,,4,3.31,3.28
,,5,3.32,3.32
,,6,3.33,3.38
,,7,3.3,3.43
,,10,3.27,3.46
,,11,3.27,3.53
,,12,3.26,3.54
,,13,3.25,3.52
,,14,3.3,3.5
,,17,3.33,3.51
,,18,3.34,3.54
,,19,3.36,3.54
,,20,3.3,3.57
,,21,3.28,3.63
,,25,3.18,3.52
,,26,3.16,3.48
,,27,3.15,3.46
,,28,3.06,3.4
,,31,3.11,3.43
,Nov,1,3.11,3.42
,,2,3.16,3.44
,,3,3.16,3.49
,,4,3.16,3.5
,,7,3.16,3.51
,,8,3.2,3.53
,,9,3.19,3.51
,,10,3.2,3.48
,,11,3.12,3.37
,,14,3.12,3.34
,,15,3.1,3.25
,,16,3.09,3.23
,,17,3.03,3.14
,,18,3.03,3.11
,,21,3.05,3.13
,,22,3.04,3.1
,,23,3.05,3.1
,,24,3.02,3.04
,,25,3.02,3
,,28,3.03,2.98
,,29,3.1,3.05
,,30,3.14,3.07
,Dec,1,3.13,3.03
,,2,3.16,2.99
,,5,3.19,3.01
,,6,3.24,3.03
,,7,3.24,2.99
,,8,3.25,2.96
,,9,3.24,2.95
,,12,3.26,3
,,13,3.23,3.01
,,14,3.18,2.97
,,15,3.18,2.96
,,16,3.11,2.88
,,19,3.06,2.87
,,20,3.08,2.9
,,21,3.07,2.9
,,22,3.05,2.9
,,23,3.05,2.93
,,27,3.07,2.95
,,28,3.12,3.05
,,29,3.11,3.1
,,30,3.12,3.09
,,,,
"* Data reflects bid rates quoted by SGS Primary Dealers to each other based on standard market lot transactions as specified in the Rules and Market Practices of the SGS Market. Prices quoted to non-Primary Dealers may be different, subject to factors such as transaction size and administrative costs.",,,,
* Figures before 2000 are the modes of closing bid prices quoted by SGS primary dealers.,,,,
* Figures after 2000 are the average of closing bid rates quoted by SGS primary dealers.,,,,
* Overnight repo rates are closing offer rates quoted by SGS primary dealers.,,,,
* The 7-year benchmark was discontinued on 1 February 2011.,,,,
* The final 3-month T-bill was issued on 20th June 2013.,,,,
* Issuance of 6-month T-bills ceased on 27th December 2013 and resumed on 2nd July 2019.,,,,
* The SGS Overnight Repo rate was discontinued on 1 January 2014.,,,,
* Yield is quoted as % p.a.,,,,
"* Bond price is quoted in S$ per S$100 of principal amount, excluding any applicable accrued interest (i.e. on clean basis).",,,,
,,,,
,,,Average Buying Rates of Govt Securities Dealers 2-Year Bond Yield,Average Buying Rates of Govt Securities Dealers 10-Year Bond Yield
2023,Jan,3,3.14,3.12
,,4,3.1,3.05
,,5,3.1,2.98
,,6,3.11,2.94
,,9,3.06,2.9
,,10,3.12,2.91
,,11,3.11,2.86
,,12,3.11,2.84
,,13,3.1,2.8
,,16,3.13,2.83
,,17,3.15,2.89
,,18,3.15,2.89
,,19,3.11,2.82
,,20,3.11,2.84
,,25,3.1,2.8
,,26,3.08,2.79
,,27,3.08,2.87
,,30,3.12,2.94
,,31,3.12,2.97
,Feb,1,3.1,2.94
,,2,3.05,2.89
,,3,3.02,2.92
,,6,3.08,3.02
,,7,3.09,3.05
,,8,3.06,3.06
,,9,3.07,3.08
,,10,3.12,3.12
,,13,3.16,3.17
,,14,3.16,3.15
,,15,3.23,3.2
,,16,3.23,3.18
,,17,3.28,3.27
,,20,3.3,3.23
,,21,3.32,3.21
,,22,3.36,3.25
,,23,3.4,3.28
,,24,3.59,3.27
,,27,3.72,3.38
,,28,3.72,3.34
,Mar,1,3.68,3.32
,,2,3.76,3.44
,,3,3.71,3.4
,,6,3.64,3.33
,,7,3.62,3.33
,,8,3.67,3.38
,,9,3.68,3.4
,,10,3.55,3.23
,,13,3.41,3.1
,,14,3.24,2.94
,,15,3.35,3.04
,,16,3.22,2.94
,,17,3.23,2.94
,,20,3.04,2.83
,,21,3.09,2.93
,,22,3.1,2.91
,,23,2.96,2.83
,,24,2.89,2.85
,,27,2.96,2.88
,,28,3.02,2.87
,,29,3.09,2.94
,,30,3.12,2.98
,,31,3.11,2.94
,Apr,3,3.14,2.91
,,4,3.09,2.87
,,5,3.04,2.81
,,6,2.98,2.76
,,10,2.99,2.79
,,11,2.95,2.76
,,12,2.98,2.78
,,13,2.91,2.75
,,14,2.96,2.78
,,17,2.98,2.81
,,18,3.01,2.85
,,19,3.02,2.88
,,20,3.01,2.85
,,21,3.03,2.86
,,24,3.06,2.87
,,25,3.05,2.82
,,26,3.05,2.75
,,27,3.05,2.74
,,28,3.09,2.76
,May,2,3.14,2.8
,,3,3.11,2.72
,,4,3.11,2.69
,,5,3.08,2.67
,,8,3.12,2.71
,,9,3.14,2.77
,,10,3.16,2.79
,,11,3.11,2.74
,,12,3.11,2.73
,,15,3.13,2.77
,,16,3.11,2.74
,,17,3.13,2.78
,,18,3.15,2.8
,,19,3.19,2.84
,,22,3.22,2.88
,,23,3.3,2.99
,,24,3.3,2.98
,,25,3.36,3.04
,,26,3.38,3
,,29,3.39,2.95
,,30,3.37,2.89
,,31,3.34,2.85
,Jun,1,3.35,2.89
,,5,3.39,2.93
,,6,3.36,2.9
,,7,3.37,2.91
,,8,3.42,2.98
,,9,3.42,2.98
,,12,3.46,3.02
,,13,3.41,2.97
,,14,3.46,3.01
,,15,3.49,3.03
,,16,3.46,3
,,19,3.5,3.02
,,20,3.49,3.02
,,21,3.46,2.97
,,22,3.45,2.99
,,23,3.44,3
,,26,3.43,2.97
,,27,3.46,3.03
,,28,3.48,3.03
,,30,3.59,3.08
,Jul,3,3.6,3.07
,,4,3.59,3.07
,,5,3.58,3.06
,,6,3.61,3.14
,,7,3.61,3.2
,,10,3.61,3.22
,,11,3.58,3.2
,,12,3.54,3.18
,,13,3.48,3.08
,,14,3.49,3.06
,,17,3.5,3.03
,,18,3.45,2.96
,,19,3.43,2.93
,,20,3.45,2.95
,,21,3.46,2.97
,,24,3.47,2.95
,,25,3.51,2.98
,,26,3.51,3
,,27,3.47,2.97
,,28,3.5,3.04
,,31,3.49,3.05
,Aug,1,3.48,3.03
,,2,3.47,3.02
,,3,3.47,3.09
,,4,3.46,3.09
,,7,3.47,3.06
,,8,3.46,3.03
,,10,3.48,3.04
,,11,3.5,3.07
,,14,3.53,3.13
,,15,3.54,3.17
,,16,3.53,3.17
,,17,3.57,3.23
,,18,3.57,3.2
,,21,3.59,3.24
,,22,3.62,3.27
,,23,3.62,3.25
,,24,3.62,3.25
,,25,3.68,3.3
,,28,3.68,3.28
,,29,3.56,3.23
,,30,3.53,3.18
,,31,3.48,3.14
,Sep,4,3.48,3.16
,,5,3.47,3.19
,,6,3.48,3.22
,,7,3.51,3.25
,,8,3.48,3.22
,,11,3.52,3.26
,,12,3.52,3.25
,,13,3.54,3.27
,,14,3.53,3.25
,,15,3.56,3.3
,,18,3.59,3.34
,,19,3.6,3.33
,,20,3.63,3.37
,,21,3.67,3.41
,,22,3.64,3.42
,,25,3.66,3.43
,,26,3.68,3.45
,,27,3.68,3.42
,,28,3.72,3.47
,,29,3.7,3.4
,Oct,2,3.71,3.4
,,3,3.71,3.4
,,4,3.75,3.51
,,5,3.73,3.48
,,6,3.71,3.47
,,9,3.71,3.43
,,10,3.69,3.4
,,11,3.68,3.35
,,12,3.65,3.31
,,13,3.64,3.32
,,16,3.66,3.33
,,17,3.66,3.33
,,18,3.67,3.37
,,19,3.7,3.46
,,20,3.65,3.4
,,23,3.65,3.44
,,24,3.62,3.38
,,25,3.63,3.37
,,26,3.66,3.41
,,27,3.64,3.39
,,30,3.65,3.38
,,31,3.64,3.38
,Nov,1,3.64,3.39
,,2,3.56,3.29
,,3,3.54,3.21
,,6,3.51,3.16
,,7,3.51,3.18
,,8,3.49,3.16
,,9,3.44,3.07
,,10,3.45,3.1
,,14,3.45,3.07
,,15,3.36,2.95
,,16,3.36,2.98
,,17,3.33,2.97
,,20,3.36,3
,,21,3.34,2.93
,,22,3.35,2.94
,,23,3.35,2.95
,,24,3.4,3
,,27,3.46,3.06
,,28,3.45,3.02
,,29,3.37,2.95
,,30,3.37,2.97
,Dec,1,3.38,2.99
,,4,3.36,2.95
,,5,3.35,2.92
,,6,3.34,2.88
,,7,3.35,2.87
,,8,3.36,2.87
,,11,3.41,2.92
,,12,3.4,2.87
,,13,3.41,2.86
,,14,3.25,2.74
,,15,3.27,2.76
,,18,3.28,2.76
,,19,3.29,2.76
,,20,3.29,2.75
,,21,3.25,2.72
,,22,3.23,2.72
,,26,3.25,2.75
,,27,3.26,2.74
,,28,3.25,2.7
,,29,3.26,2.71
,,,,
"* Data reflects bid rates quoted by SGS Primary Dealers to each other based on standard market lot transactions as specified in the Rules and Market Practices of the SGS Market. Prices quoted to non-Primary Dealers may be different, subject to factors such as transaction size and administrative costs.",,,,
* Figures before 2000 are the modes of closing bid prices quoted by SGS primary dealers.,,,,
* Figures after 2000 are the average of closing bid rates quoted by SGS primary dealers.,,,,
* Overnight repo rates are closing offer rates quoted by SGS primary dealers.,,,,
* The 7-year benchmark was discontinued on 1 February 2011.,,,,
* The final 3-month T-bill was issued on 20th June 2013.,,,,
* Issuance of 6-month T-bills ceased on 27th December 2013 and resumed on 2nd July 2019.,,,,
* The SGS Overnight Repo rate was discontinued on 1 January 2014.,,,,
* Yield is quoted as % p.a.,,,,
"* Bond price is quoted in S$ per S$100 of principal amount, excluding any applicable accrued interest (i.e. on clean basis).",,,,
,,,,
,,,Average Buying Rates of Govt Securities Dealers 2-Year Bond Yield,Average Buying Rates of Govt Securities Dealers 10-Year Bond Yield
2024,Jan,2,3.29,2.79
,,3,3.3,2.81
,,4,3.27,2.76
,,5,3.31,2.81
,,8,3.29,2.84
,,9,3.27,2.87
,,10,3.27,2.85
,,11,3.25,2.81
,,12,3.24,2.81
,,15,3.21,2.79
,,16,3.25,2.82
,,17,3.29,2.9
,,18,3.31,2.91
,,19,3.32,2.97
,,22,3.34,2.96
,,23,3.32,2.96
,,24,3.29,2.94
,,25,3.31,2.98
,,26,3.26,2.95
,,29,3.05,2.96
,,30,3.03,2.93
,,31,3.01,2.91
,Feb,1,3.01,2.89
,,2,3.01,2.87
,,5,3.1,2.98
,,6,3.12,3
,,7,3.1,2.97
,,8,3.1,2.97
,,9,3.11,2.99
,,13,3.14,3.02
,,14,3.23,3.11
,,15,3.19,3.05
,,16,3.21,3.07
,,19,3.22,3.08
,,20,3.21,3.08
,,21,3.22,3.09
,,22,3.24,3.11
,,23,3.28,3.16
,,26,3.25,3.07
,,27,3.28,3.1
,,28,3.28,3.12
,,29,3.26,3.1
,Mar,1,3.28,3.11
,,4,3.25,3.07
,,5,3.25,3.06
,,6,3.24,3.04
,,7,3.25,3.02
,,8,3.23,2.99
,,11,3.22,2.97
,,12,3.25,3
,,13,3.27,3.02
,,14,3.3,3.05
,,15,3.34,3.1
,,18,3.35,3.1
,,19,3.35,3.11
,,20,3.32,3.09
,,21,3.29,3.07
,,22,3.3,3.08
,,25,3.32,3.07
,,26,3.35,3.1
,,27,3.36,3.11
,,28,3.36,3.11
,Apr,1,3.35,3.1
,,2,3.38,3.15
,,3,3.4,3.21
,,4,3.41,3.24
,,5,3.39,3.21
,,8,3.43,3.29
,,9,3.42,3.26
,,11,3.51,3.39
,,12,3.46,3.33
,,15,3.46,3.32
,,16,3.47,3.38
,,17,3.48,3.41
,,18,3.46,3.37
,,19,3.45,3.36
,,22,3.48,3.4
,,23,3.48,3.39
,,24,3.47,3.4
,,25,3.47,3.41
,,26,3.51,3.45
,,29,3.51,3.44
,,30,3.5,3.45
,May,2,3.49,3.44
,,3,3.46,3.38
,,6,3.41,3.27
,,7,3.41,3.26
,,8,3.42,3.27
,,9,3.44,3.32
,,10,3.42,3.27
,,13,3.44,3.33
,,14,3.42,3.32
,,15,3.39,3.27
,,16,3.34,3.19
,,17,3.36,3.2
,,20,3.39,3.25
,,21,3.43,3.29
,,23,3.43,3.27
,,24,3.45,3.29
,,27,3.46,3.29
,,28,3.46,3.29
,,29,3.44,3.36
,,30,3.44,3.37
,,31,3.42,3.36
,Jun,3,3.39,3.32
,,4,3.36,3.27
,,5,3.35,3.26
,,6,3.33,3.22
,,7,3.34,3.21
,,10,3.4,3.29
,,11,3.39,3.29
,,12,3.39,3.27
,,13,3.36,3.23
,,14,3.33,3.17
,,18,3.37,3.19
,,19,3.34,3.15
,,20,3.36,3.17
,,21,3.35,3.16
,,24,3.34,3.16
,,25,3.31,3.15
,,26,3.34,3.21
,,27,3.37,3.26
,,28,3.34,3.21
,Jul,1,3.36,3.26
,,2,3.38,3.28
,,3,3.38,3.27
,,4,3.36,3.25
,,5,3.36,3.22
,,8,3.34,3.2
,,9,3.33,3.21
,,10,3.32,3.18
,,11,3.32,3.19
,,12,3.24,3.1
,,15,3.19,3.05
,,16,3.12,2.98
,,17,3.13,2.98
,,18,3.15,3.03
,,19,3.17,3.07
,,22,3.18,3.09
,,23,3.18,3.1
,,24,3.14,3.06
,,25,3.02,2.98
,,26,3.04,3.02
,,29,2.98,2.97
,,30,2.97,2.94
,,31,2.94,2.88
,Aug,1,2.9,2.85
,,2,2.84,2.79
,,5,2.64,2.69
,,6,2.72,2.77
,,7,2.79,2.88
,,8,2.78,2.86
,,12,2.81,2.87
,,13,2.78,2.81
,,14,2.72,2.76
,,15,2.75,2.8
,,16,2.77,2.82
,,19,2.75,2.77
,,20,2.75,2.77
,,21,2.72,2.74
,,22,2.69,2.72
,,23,2.7,2.74
,,26,2.65,2.71
,,27,2.66,2.74
,,28,2.58,2.68
,,29,2.58,2.7
,,30,2.55,2.71
,Sep,2,2.57,2.75
,,3,2.59,2.74
,,4,2.53,2.67
,,5,2.5,2.63
,,6,2.44,2.57
,,9,2.45,2.61
,,10,2.43,2.57
,,11,2.33,2.5
,,12,2.36,2.51
,,13,2.3,2.45
,,16,2.29,2.43
,,17,2.27,2.41
,,18,2.31,2.43
,,19,2.33,2.46
,,20,2.33,2.48
,,23,2.37,2.54
,,24,2.4,2.6
,,25,2.38,2.57
,,26,2.41,2.61
,,27,2.45,2.63
,,30,2.44,2.62
,Oct,1,2.47,2.63
,,2,2.5,2.65
,,3,2.53,2.69
,,4,2.59,2.75
,,7,2.79,2.91
,,8,2.79,2.89
,,9,2.8,2.89
,,10,2.81,2.9
,,11,2.75,2.82
,,14,2.73,2.81
,,15,2.68,2.75
,,16,2.65,2.71
,,17,2.66,2.75
,,18,2.71,2.82
,,21,2.71,2.83
,,22,2.78,2.93
,,23,2.77,2.92
,,24,2.71,2.85
,,25,2.71,2.83
,,28,2.76,2.87
,,29,2.73,2.85
,,30,2.69,2.82
,Nov,1,2.75,2.86
,,4,2.77,2.85
,,5,2.78,2.87
,,6,2.83,2.93
,,7,2.79,2.9
,,8,2.75,2.84
,,11,2.77,2.84
,,12,2.79,2.86
,,13,2.83,2.89
,,14,2.84,2.95
,,15,2.84,2.91
,,18,2.84,2.89
,,19,2.83,2.88
,,20,2.83,2.89
,,21,2.84,2.87
,,22,2.84,2.88
,,25,2.82,2.84
,,26,2.83,2.84
,,27,2.82,2.83
,,28,2.8,2.8
,,29,2.77,2.74
,Dec,2,2.76,2.73
,,3,2.74,2.7
,,4,2.74,2.71
,,5,2.74,2.71
,,6,2.74,2.71
,,9,2.71,2.68
,,10,2.72,2.7
,,11,2.74,2.71
,,12,2.76,2.73
,,13,2.77,2.75
,,16,2.8,2.79
,,17,2.81,2.81
,,18,2.8,2.82
,,19,2.83,2.9
,,20,2.86,2.96
,,23,2.86,2.96
,,24,2.88,2.99
,,26,2.84,3
,,27,2.82,2.96
,,30,2.77,2.92
,,31,2.72,2.86
,,,,
"* Data reflects bid rates quoted by SGS Primary Dealers to each other based on standard market lot transactions as specified in the Rules and Market Practices of the SGS Market. Prices quoted to non-Primary Dealers may be different, subject to factors such as transaction size and administrative costs.",,,,
* Figures before 2000 are the modes of closing bid prices quoted by SGS primary dealers.,,,,
* Figures after 2000 are the average of closing bid rates quoted by SGS primary dealers.,,,,
* Overnight repo rates are closing offer rates quoted by SGS primary dealers.,,,,
* The 7-year benchmark was discontinued on 1 February 2011.,,,,
* The final 3-month T-bill was issued on 20th June 2013.,,,,
* Issuance of 6-month T-bills ceased on 27th December 2013 and resumed on 2nd July 2019.,,,,
* The SGS Overnight Repo rate was discontinued on 1 January 2014.,,,,
* Yield is quoted as % p.a.,,,,
"* Bond price is quoted in S$ per S$100 of principal amount, excluding any applicable accrued interest (i.e. on clean basis).",,,,
,,,,
,,,Average Buying Rates of Govt Securities Dealers 2-Year Bond Yield,Average Buying Rates of Govt Securities Dealers 10-Year Bond Yield
2025,Jan,2,2.75,2.88
,,3,2.75,2.89
,,6,2.84,2.99
,,7,2.85,2.99
,,8,2.87,3.01
,,9,2.87,3
,,10,2.89,3.03
,,13,2.97,3.09
,,14,2.97,3.09
,,15,2.97,3.09
,,16,2.9,3.01
,,17,2.87,2.97
,,20,2.89,2.99
,,21,2.85,2.94
,,22,2.83,2.94
,,23,2.84,2.94
,,24,2.82,2.93
,,27,2.82,2.9
,,28,2.81,2.89
,,31,2.83,2.92
,Feb,3,2.81,2.9
,,4,2.81,2.9
,,5,2.77,2.85
,,6,2.76,2.82
,,7,2.78,2.85
,,10,2.81,2.88
,,11,2.79,2.86
,,12,2.8,2.88
,,13,2.81,2.89
,,14,2.77,2.86
,,17,2.74,2.84
,,18,2.75,2.87
,,19,2.77,2.9
,,20,2.74,2.88
,,21,2.74,2.88
,,24,2.71,2.86
,,25,2.67,2.82
,,26,2.67,2.8
,,27,2.65,2.77
,,28,2.61,2.74
,Mar,3,2.59,2.74
,,4,2.55,2.69
,,5,2.55,2.72
,,6,2.55,2.75
,,7,2.49,2.69
,,10,2.47,2.68
,,11,2.4,2.63
,,12,2.4,2.64
,,13,2.41,2.63
,,14,2.46,2.66
,,17,2.49,2.69
,,18,2.47,2.68
,,19,2.47,2.68
,,20,2.47,2.66
,,21,2.49,2.67
,,24,2.53,2.72
,,25,2.58,2.78
,,26,2.57,2.75
,,27,2.51,2.72
,,28,2.48,2.69
,Apr,1,2.39,2.61
,,2,2.4,2.62
,,3,2.35,2.56
,,4,2.24,2.47
,,7,2.21,2.47
,,8,2.31,2.58
,,9,2.33,2.74
,,10,2.35,2.67
,,11,2.29,2.66
,,14,2.22,2.59
,,15,2.18,2.54
,,16,2.16,2.55
,,17,2.17,2.57
,,21,2.12,2.55
,,22,2.12,2.58
,,23,2.13,2.53
,,24,2.13,2.54
,,25,2.11,2.5
,,28,2.12,2.52
,,29,2.11,2.52
,,30,2.09,2.48
,May,2,2.11,2.5
,,5,2.08,2.48
,,6,2.06,2.47
,,7,2,2.4
,,8,2,2.42
,,9,2.02,2.43
,,13,2.13,2.52
,,14,2.16,2.57
,,15,2.15,2.59
,,16,2.11,2.52
,,19,2.13,2.58
,,20,2.08,2.51
,,21,2.07,2.52
,,22,2.06,2.54
,,23,2.02,2.49
,,26,1.99,2.45
,,27,1.97,2.41
,,28,1.99,2.42
,,29,2.02,2.45
,,30,2.01,2.44
,Jun,2,1.98,2.43
,,3,1.92,2.36
,,4,1.9,2.36
,,5,1.85,2.33
,,6,1.8,2.27
,,9,1.82,2.3
,,10,1.84,2.3
,,11,1.86,2.32
,,12,1.83,2.29
,,13,1.81,2.27
,,16,1.85,2.32
,,17,1.82,2.3
,,18,1.81,2.28
,,19,1.84,2.3
,,20,1.84,2.29
,,23,1.83,2.29
,,24,1.81,2.25
,,25,1.82,2.26
,,26,1.81,2.24
,,27,1.8,2.22
,,30,1.78,2.2
,Jul,1,1.73,2.14
,,2,1.76,2.16
,,3,1.72,2.11
,,4,1.73,2.07
,,7,1.73,2.06
,,8,1.73,2.1
,,9,1.74,2.12
,,10,1.74,2.11
,,11,1.79,2.18
,,14,1.79,2.18
,,15,1.75,2.14
,,16,1.75,2.15
,,17,1.73,2.14
,,18,1.69,2.09
,,21,1.67,2.07
,,22,1.67,2.09
,,23,1.69,2.09
,,24,1.69,2.08
,,25,1.7,2.09
,,28,1.69,2.08
,,29,1.7,2.11
,,30,1.68,2.09
,,31,1.7,2.09
,Aug,1,1.72,2.12
,,4,1.63,2.06
,,5,1.62,2.03
,,6,1.63,2.02
,,7,1.6,1.96
,,8,1.59,1.96
,,11,1.6,1.97
,,12,1.6,1.95
,,13,1.57,1.92
,,14,1.54,1.89
,,15,1.54,1.88
,,18,1.53,1.88
,,19,1.57,1.95
,,20,1.57,1.94
,,21,1.56,1.92
,,22,1.55,1.91
,,25,1.52,1.86
,,26,1.47,1.84
,,27,1.44,1.8
,,28,1.45,1.81
,,29,1.47,1.83
,Sep,1,1.47,1.87
,,2,1.43,1.86
,,3,1.46,1.89
,,4,1.44,1.86
,,5,1.44,1.85
,,8,1.42,1.82
,,9,1.43,1.84
,,10,1.41,1.81
,,11,1.4,1.79
,,12,1.4,1.77
,,15,1.41,1.79
,,16,1.38,1.77
,,17,1.38,1.75
,,18,1.39,1.77
,,19,1.42,1.8
,,22,1.43,1.8
,,23,1.44,1.81
,,24,1.43,1.79
,,25,1.45,1.83
,,26,1.52,1.94
,,29,1.52,1.94
,,30,1.5,1.91
,Oct,1,1.51,1.93
,,2,1.5,1.91
,,3,1.52,1.92
,,6,1.52,1.92
,,7,1.51,1.9
,,8,1.47,1.85
,,9,1.48,1.84
,,10,1.47,1.82
,,13,1.44,1.79
,,14,1.44,1.75
,,15,1.44,1.77
,,16,1.45,1.78
,,17,1.43,1.75
,,21,1.44,1.77
,,22,1.44,1.77
,,23,1.45,1.81
,,24,1.43,1.82
,,27,1.43,1.84
,,28,1.42,1.83
,,29,1.41,1.96
,,30,1.43,2
,,31,1.4,1.99
,Nov,3,1.38,1.94
,,4,1.38,1.94
,,5,1.37,1.92
,,6,1.39,1.93
,,7,1.35,1.93
,,10,1.36,1.95
,,11,1.35,1.95
,,12,1.34,1.94
,,13,1.33,1.94
,,14,1.29,1.94
,,17,1.27,1.96
,,18,1.24,1.94
,,19,1.22,1.95
,,20,1.25,1.97
,,21,1.26,2.01
,,24,1.3,2.06
,,25,1.34,2.09
,,26,1.39,2.15
,,27,1.4,2.16
,,28,1.38,2.12
,Dec,1,1.39,2.13
,,2,1.41,2.15
,,3,1.38,2.12
,,4,1.4,2.12
,,5,1.41,2.14
,,8,1.42,2.16
,,9,1.46,2.23
,,10,1.46,2.24
,,11,1.47,2.29
,,12,1.49,2.32
,,15,1.47,2.29
,,16,1.46,2.29
,,17,1.48,2.31
,,18,1.49,2.31
,,19,1.49,2.3
,,22,1.5,2.32
,,23,1.53,2.31
,,24,1.55,2.31
,,26,1.55,2.31
,,29,1.55,2.3
,,30,1.52,2.26
,,31,1.48,2.22
,,,,
"* Data reflects bid rates quoted by SGS Primary Dealers to each other based on standard market lot transactions as specified in the Rules and Market Practices of the SGS Market. Prices quoted to non-Primary Dealers may be different, subject to factors such as transaction size and administrative costs.",,,,
* Figures before 2000 are the modes of closing bid prices quoted by SGS primary dealers.,,,,
* Figures after 2000 are the average of closing bid rates quoted by SGS primary dealers.,,,,
* Overnight repo rates are closing offer rates quoted by SGS primary dealers.,,,,
* The 7-year benchmark was discontinued on 1 February 2011.,,,,
* The final 3-month T-bill was issued on 20th June 2013.,,,,
* Issuance of 6-month T-bills ceased on 27th December 2013 and resumed on 2nd July 2019.,,,,
* The SGS Overnight Repo rate was discontinued on 1 January 2014.,,,,
* Yield is quoted as % p.a.,,,,
"* Bond price is quoted in S$ per S$100 of principal amount, excluding any applicable accrued interest (i.e. on clean basis).",,,,
,,,,
,,,Average Buying Rates of Govt Securities Dealers 2-Year Bond Yield,Average Buying Rates of Govt Securities Dealers 10-Year Bond Yield
2026,Jan,2,1.49,2.22
,,5,1.5,2.23
,,6,1.52,2.25
,,7,1.48,2.23
,,8,1.46,2.21
,,9,1.46,2.2
,,12,1.44,2.18
,,13,1.44,2.16
,,14,1.44,2.18
,,15,1.44,2.18
,,16,1.44,2.19
,,19,1.42,2.18
,,20,1.41,2.17
,,21,1.39,2.15
,,22,1.41,2.14
,,23,1.42,2.13
,,26,1.4,2.07
,,27,1.38,2.07
,,28,1.37,2.04
,,29,1.39,2.08
,,30,1.4,2.07
,Feb,2,1.39,2.07
,,3,1.39,2.09
,,4,1.37,2.06
,,5,1.35,2.02
,,6,1.35,2
,,9,1.33,1.97
,,10,1.33,1.98
,,11,1.33,1.99
,,12,1.33,1.98
,,13,1.33,1.94
,,16,1.32,1.91
,,19,1.34,1.95
,,20,1.35,1.96
,,23,1.34,1.96
,,24,1.34,1.95
,,25,1.41,1.99
,,26,1.4,1.99
,,27,1.39,1.95
,Mar,2,1.36,1.92
,,3,1.38,1.97
,,4,1.38,1.97
,,5,1.38,1.98
,,6,1.38,2
,,9,1.47,2.12
,,10,1.44,2.07
,,11,1.43,2.05
,,12,1.43,2.06
,,13,1.45,2.1
,,16,1.46,2.12
,,17,1.46,2.13
,,18,1.46,2.1
,,19,1.49,2.15
,,20,1.5,2.12
,,23,1.61,2.28
,,24,1.57,2.23
,,25,1.55,2.2
,,26,1.63,2.29
,,27,1.69,2.41
,,30,1.67,2.38
,,31,1.61,2.29
,Apr,1,1.54,2.2
,,2,1.58,2.24
,,6,1.56,2.22
,,7,1.56,2.21
,,8,1.51,2.14
,,9,1.53,2.12
,,10,1.52,2.07
,,13,1.53,2.04
,,14,1.5,2.01
,,15,1.51,2.03
,,16,1.5,2.02
,,17,1.51,2.04
,,20,1.51,2.04
,,21,1.52,2.07
,,22,1.52,2.07
,,23,1.53,2.1
,,24,1.52,2.12
,,27,1.52,2.11
,,28,1.53,2.14
,,29,1.53,2.11
,,30,1.56,2.1
,May,4,1.55,2.1
,,5,1.56,2.12
,,6,1.55,2.1
,,7,1.55,2.08
,,8,1.55,2.08
,,11,1.57,2.07
,,12,1.57,2.07
,,13,1.57,2.06
,,14,1.58,2.08
,,15,1.62,2.14
,,18,1.66,2.19
,,19,1.65,2.19
,,20,1.68,2.25
,,21,1.65,2.18
,,22,1.64,2.12
,,25,1.62,2.07
,,26,1.63,2.07
,,28,1.6,2.06
,,29,1.57,2.03
,Jun,2,1.56,2.02
,,3,1.58,2.05
,,4,1.6,2.09
,,5,1.6,2.09
,,8,1.66,2.18
,,9,1.64,2.13
,,10,1.63,2.11
,,11,1.61,2.09
,,12,1.58,2.02
,,15,1.56,2
,,16,1.56,2
,,17,1.57,2
,,18,1.59,2.02
,,19,1.62,2.06
,,22,1.65,2.11
,,23,1.61,2.07
,,24,1.61,2.07
,,25,1.59,2.03
,,26,1.59,2.01
,,29,1.6,2.04
,,30,1.58,2.04
,Jul,1,1.59,2.07
,,2,1.6,2.09
,,3,1.61,2.13
,,6,1.6,2.14
,,7,1.6,2.13
,,8,1.61,2.15
,,9,1.59,2.14
,,10,1.6,2.13
,,13,1.62,2.15
,,14,1.67,2.22
,,15,1.65,2.22
,,16,1.65,2.22
,,17,1.66,2.23
,,20,1.68,2.26
,,21,1.68,2.24
,,22,1.71,2.3
,,23,1.77,2.41
,,24,1.82,2.46
,,27,1.78,2.42
,,28,1.8,2.4
,,29,1.78,2.39
,,30,1.75,2.42
,,31,1.71,2.35
,Aug,3,1.71,2.35
,,4,1.71,2.35
,,5,1.67,2.29
,,6,1.67,2.28
,,7,1.69,2.31
,,11,1.71,2.32
,,12,1.68,2.28
,,13,1.66,2.27
,,14,1.66,2.27
,,17,1.66,2.3
,,18,1.69,2.36
,,19,1.69,2.36
,,20,1.69,2.37
,,21,1.68,2.36
,,24,1.67,2.32
,,25,1.66,2.3
,,26,1.64,2.28
,,27,1.65,2.31
,,28,1.67,2.34
,,31,1.7,2.35
,Sep,1,1.72,2.41
,,2,1.74,2.43
,,3,1.72,2.39
,,4,1.71,2.38
,,7,1.7,2.37
,,8,1.7,2.36
,,9,1.71,2.36
,,10,1.72,2.4
,,11,1.78,2.46
,,14,1.79,2.47
,,15,1.87,2.54
,,16,1.86,2.51
,,,,
"* Data reflects bid rates quoted by SGS Primary Dealers to each other based on standard market lot transactions as specified in the Rules and Market Practices of the SGS Market. Prices quoted to non-Primary Dealers may be different, subject to factors such as transaction size and administrative costs.",,,,
* Figures before 2000 are the modes of closing bid prices quoted by SGS primary dealers.,,,,
* Figures after 2000 are the average of closing bid rates quoted by SGS primary dealers.,,,,
* Overnight repo rates are closing offer rates quoted by SGS primary dealers.,,,,
* The 7-year benchmark was discontinued on 1 February 2011.,,,,
* The final 3-month T-bill was issued on 20th June 2013.,,,,
* Issuance of 6-month T-bills ceased on 27th December 2013 and resumed on 2nd July 2019.,,,,
* The SGS Overnight Repo rate was discontinued on 1 January 2014.,,,,
* Yield is quoted as % p.a.,,,,
"* Bond price is quoted in S$ per S$100 of principal amount, excluding any applicable accrued interest (i.e. on clean basis).",,,,
